,criminal_race,AGE,victim_race,NIGHT_CRIME,SEX,Cluster,AREA,GUNSHOT,STATE_HOUSE_DISTRICT,AREA_POVERTY_HEALTH,AREA_HIGH_SCHOOL_DIPLOMA,AREA_UNEMPLOYMENT,AREA_BIRTH_RATE,NUM_OF_DEAD,IMMEDIATE_ARREST,IS_DOMESTIC,NUM_OF_VICTIMS
count,521.0,521.0,521.0,521.0,521.0,521.0,521.0,521.0,521.0,521.0,521.0,521.0,521.0,521.0,521.0,521.0,521.0
mean,2.6756238003838773,32.82149712092131,2.742802303262956,0.0019193857965451055,1.2245681381957774,2.0,2.5547024952015356,0.7792706333973128,16.032629558541267,26.497504798464494,25.032629558541267,16.35873320537428,17.157773512476005,1.472168905950096,0.0,0.2591170825335892,1.7293666026871402
std,1.1882278516481812,16.933262625345833,1.2180813322576964,0.043810795433832345,0.4176986580131065,0.0,1.4784938925023798,0.4151369626648049,12.803428424382217,10.586377926758047,11.290210642027693,6.800995793026244,3.236864287830975,1.1264703631734942,0.0,0.43857109295188446,1.2806553993492842
min,2.0,10.0,1.0,0.0,1.0,2.0,1.0,0.0,1.0,5.1,3.4,4.2,9.4,1.0,0.0,0.0,1.0
25%,2.0,25.0,2.0,0.0,1.0,2.0,1.0,1.0,6.0,19.5,17.4,11.2,14.4,1.0,0.0,0.0,1.0
50%,2.0,35.0,2.0,0.0,1.0,2.0,2.0,1.0,10.0,27.0,25.0,17.4,18.1,1.0,0.0,0.0,1.0
75%,3.0,45.0,4.0,0.0,1.0,2.0,4.0,1.0,27.0,32.6,30.4,20.6,20.0,1.0,0.0,1.0,2.0
max,5.0,80.0,5.0,1.0,2.0,2.0,5.0,1.0,78.0,61.4,58.7,40.0,21.8,6.0,0.0,1.0,6.0
