,criminal_race,AGE,victim_race,NIGHT_CRIME,SEX,Cluster,AREA,GUNSHOT,STATE_HOUSE_DISTRICT,AREA_POVERTY_HEALTH,AREA_HIGH_SCHOOL_DIPLOMA,AREA_UNEMPLOYMENT,AREA_BIRTH_RATE,NUM_OF_DEAD,IMMEDIATE_ARREST,IS_DOMESTIC,NUM_OF_VICTIMS
count,53.0,53.0,53.0,53.0,53.0,53.0,53.0,53.0,53.0,53.0,53.0,53.0,53.0,53.0,53.0,53.0,53.0
mean,2.4716981132075473,30.849056603773583,2.4339622641509435,0.07547169811320754,1.1320754716981132,3.0,2.7169811320754715,0.8113207547169812,18.037735849056602,27.541509433962258,21.918867924528303,17.909433962264153,16.75094339622642,1.0754716981132075,0.0,0.16981132075471697,1.4150943396226414
std,1.067055142128337,12.81284845892395,0.9905211130872972,0.26667876121581074,0.3418128057789596,0.0,1.4984268480202576,0.3949977494378391,15.640138529967523,9.617300796006685,9.466703930573921,7.039647722582087,3.4695168496220514,0.26667876121581074,0.0,0.3790600245041255,1.081913587196155
min,2.0,10.0,2.0,0.0,1.0,3.0,1.0,0.0,1.0,8.3,3.4,5.2,9.7,1.0,0.0,0.0,1.0
25%,2.0,25.0,2.0,0.0,1.0,3.0,1.0,1.0,8.0,23.0,16.9,11.9,14.3,1.0,0.0,0.0,1.0
50%,2.0,25.0,2.0,0.0,1.0,3.0,3.0,1.0,10.0,27.0,25.0,18.9,18.0,1.0,0.0,0.0,1.0
75%,2.0,35.0,2.0,0.0,1.0,3.0,4.0,1.0,26.0,32.6,26.2,21.0,20.0,1.0,0.0,0.0,1.0
max,5.0,65.0,5.0,1.0,2.0,3.0,5.0,1.0,78.0,55.5,48.2,40.0,21.4,2.0,0.0,1.0,5.0
