,criminal_race,AGE,victim_race,NIGHT_CRIME,SEX,Cluster,AREA,GUNSHOT,STATE_HOUSE_DISTRICT,AREA_POVERTY_HEALTH,AREA_HIGH_SCHOOL_DIPLOMA,AREA_UNEMPLOYMENT,AREA_BIRTH_RATE,NUM_OF_DEAD,IMMEDIATE_ARREST,IS_DOMESTIC,NUM_OF_VICTIMS
count,606.0,606.0,606.0,606.0,604.0,606.0,606.0,606.0,606.0,606.0,606.0,606.0,606.0,606.0,606.0,606.0,606.0
mean,2.5346534653465347,30.627062706270628,2.66006600660066,0.009900990099009901,1.1357615894039734,0.0,2.7095709570957096,0.8135313531353136,17.486798679867988,26.906270627062703,25.207755775577557,16.82854785478548,17.434653465346535,1.1716171617161717,0.0033003300330033004,0.20957095709570958,1.358085808580858
std,1.1198968940348766,14.195315032739007,1.1950127751727218,0.09909169356992174,0.34281913305925543,0.0,1.4550479180140765,0.3898061457272846,14.698816188316513,9.602160240039753,10.519352771141719,6.526320026967751,2.9124333858172076,0.5517093125816223,0.05740100122854703,0.4073386481732508,0.8344794780198536
min,1.0,10.0,1.0,0.0,1.0,0.0,1.0,0.0,1.0,5.9,3.4,4.5,10.0,1.0,0.0,0.0,1.0
25%,2.0,25.0,2.0,0.0,1.0,0.0,1.0,1.0,6.0,20.8,17.9,11.9,15.1,1.0,0.0,0.0,1.0
50%,2.0,25.0,2.0,0.0,1.0,0.0,2.0,1.0,10.0,27.0,25.0,17.7,18.1,1.0,0.0,0.0,1.0
75%,2.0,35.0,2.0,0.0,1.0,0.0,4.0,1.0,28.0,32.6,30.4,21.0,20.0,1.0,0.0,0.0,1.0
max,5.0,80.0,6.0,1.0,2.0,0.0,5.0,1.0,78.0,61.4,58.7,40.0,21.8,6.0,1.0,1.0,8.0
