,criminal_race,AGE,victim_race,NIGHT_CRIME,SEX,Cluster,AREA,GUNSHOT,STATE_HOUSE_DISTRICT,AREA_POVERTY_HEALTH,AREA_HIGH_SCHOOL_DIPLOMA,AREA_UNEMPLOYMENT,AREA_BIRTH_RATE,NUM_OF_DEAD,IMMEDIATE_ARREST,IS_DOMESTIC,NUM_OF_VICTIMS
count,508.0,507.0,509.0,509.0,509.0,509.0,509.0,509.0,509.0,509.0,509.0,509.0,509.0,509.0,509.0,509.0,509.0
mean,2.65748031496063,32.64299802761341,2.675834970530452,0.003929273084479371,1.2161100196463654,1.0,2.658153241650295,0.7229862475442044,17.102161100196465,26.18408644400786,24.737524557956778,16.250687622789783,17.139489194499017,1.2161100196463654,0.007858546168958742,0.2730844793713163,1.4459724950884087
std,1.203546349826122,17.609532017391533,1.193414318873035,0.06262218692239194,0.41199509265983614,0.0,1.439405131973304,0.44796359197121977,13.403393595928662,9.499430266815349,11.373708569153228,6.431126978320636,3.0728414955337917,0.602207059243379,0.08838629662872227,0.4459821890254444,0.9176358742263663
min,2.0,10.0,1.0,0.0,1.0,1.0,1.0,0.0,1.0,5.2,2.9,4.2,9.4,1.0,0.0,0.0,1.0
25%,2.0,25.0,2.0,0.0,1.0,1.0,1.0,0.0,6.0,20.8,17.9,11.5,14.7,1.0,0.0,0.0,1.0
50%,2.0,25.0,2.0,0.0,1.0,1.0,2.0,1.0,10.0,27.0,25.0,17.4,18.0,1.0,0.0,0.0,1.0
75%,2.0,45.0,4.0,0.0,1.0,1.0,4.0,1.0,27.0,31.5,30.4,21.0,20.0,1.0,0.0,1.0,2.0
max,5.0,80.0,5.0,1.0,2.0,1.0,5.0,1.0,78.0,61.4,58.7,40.0,22.4,5.0,1.0,1.0,5.0
